{"cameraMode":{"drawMode":0,"name":"Shaded","section":"Shading Mode"},"sceneLighting":true,"audioPlay":false,"sceneViewState":{"showFog":true,"showMaterialUpdate":false,"showSkybox":true,"showFlares":true,"showImageEffects":true,"showParticleSystems":true},"in2DMode":false,"pivot":{"x":5.251401424407959,"y":-2.8474044799804689,"z":-2.491130828857422},"rotation":{"x":-0.36021244525909426,"y":-0.03331296890974045,"z":0.012890536338090897,"w":-0.9322888851165772},"size":34.177391052246097,"orthographic":false}